<?xml version="1.0" encoding="UTF-8" standalone="yes"?>
<definitions xmlns="http://www.omg.org/spec/BPMN/20100524/MODEL" xmlns:activiti="http://activiti.org/bpmn" xmlns:bpmndi="http://www.omg.org/spec/BPMN/20100524/DI" xmlns:dc="http://www.omg.org/spec/DD/20100524/DC" xmlns:di="http://www.omg.org/spec/DD/20100524/DI" xmlns:tns="http://www.activiti.org/testm1627960402945" xmlns:xsd="http://www.w3.org/2001/XMLSchema" xmlns:xsi="http://www.w3.org/2001/XMLSchema-instance" expressionLanguage="http://www.w3.org/1999/XPath" id="m1627960402945" name="" targetNamespace="http://www.activiti.org/testm1627960402945" typeLanguage="http://www.w3.org/2001/XMLSchema">
  <process id="myEvection" isClosed="false" isExecutable="true" processType="None">
    <startEvent id="myStartEvent" name="StartEvent"/>
    <userTask activiti:assignee="zhangsan" activiti:exclusive="true" id="_3" name="创建出差申请"/>
    <userTask activiti:assignee="lisi" activiti:exclusive="true" id="_4" name="经理审批"/>
    <userTask activiti:assignee="wangwu" activiti:exclusive="true" id="_5" name="总经理审批"/>
    <userTask activiti:assignee="rose" activiti:exclusive="true" id="_6" name="财务审批"/>
    <sequenceFlow id="_7" sourceRef="myStartEvent" targetRef="_3"/>
    <sequenceFlow id="_2" sourceRef="_3" targetRef="_4"/>
    <sequenceFlow id="_8" sourceRef="_4" targetRef="_5"/>
    <sequenceFlow id="_9" sourceRef="_5" targetRef="_6"/>
    <endEvent id="_10" name="EndEvent"/>
    <sequenceFlow id="_11" sourceRef="_6" targetRef="_10"/>
  </process>
  <bpmndi:BPMNDiagram documentation="background=#3C3F41;count=1;horizontalcount=1;orientation=0;width=842.4;height=1195.2;imageableWidth=832.4;imageableHeight=1185.2;imageableX=5.0;imageableY=5.0" id="Diagram-_1" name="New Diagram">
    <bpmndi:BPMNPlane bpmnElement="myEvection">
      <bpmndi:BPMNShape bpmnElement="myStartEvent" id="Shape-myStartEvent">
        <dc:Bounds height="32.0" width="32.0" x="370.0" y="50.0"/>
        <bpmndi:BPMNLabel>
          <dc:Bounds height="32.0" width="32.0" x="0.0" y="0.0"/>
        </bpmndi:BPMNLabel>
      </bpmndi:BPMNShape>
      <bpmndi:BPMNShape bpmnElement="_3" id="Shape-_3">
        <dc:Bounds height="55.0" width="85.0" x="350.0" y="140.0"/>
        <bpmndi:BPMNLabel>
          <dc:Bounds height="55.0" width="85.0" x="0.0" y="0.0"/>
        </bpmndi:BPMNLabel>
      </bpmndi:BPMNShape>
      <bpmndi:BPMNShape bpmnElement="_4" id="Shape-_4">
        <dc:Bounds height="55.0" width="85.0" x="355.0" y="245.0"/>
        <bpmndi:BPMNLabel>
          <dc:Bounds height="55.0" width="85.0" x="0.0" y="0.0"/>
        </bpmndi:BPMNLabel>
      </bpmndi:BPMNShape>
      <bpmndi:BPMNShape bpmnElement="_5" id="Shape-_5">
        <dc:Bounds height="55.0" width="85.0" x="355.0" y="345.0"/>
        <bpmndi:BPMNLabel>
          <dc:Bounds height="55.0" width="85.0" x="0.0" y="0.0"/>
        </bpmndi:BPMNLabel>
      </bpmndi:BPMNShape>
      <bpmndi:BPMNShape bpmnElement="_6" id="Shape-_6">
        <dc:Bounds height="55.0" width="85.0" x="360.0" y="440.0"/>
        <bpmndi:BPMNLabel>
          <dc:Bounds height="55.0" width="85.0" x="0.0" y="0.0"/>
        </bpmndi:BPMNLabel>
      </bpmndi:BPMNShape>
      <bpmndi:BPMNShape bpmnElement="_10" id="Shape-_10">
        <dc:Bounds height="32.0" width="32.0" x="380.0" y="530.0"/>
        <bpmndi:BPMNLabel>
          <dc:Bounds height="32.0" width="32.0" x="0.0" y="0.0"/>
        </bpmndi:BPMNLabel>
      </bpmndi:BPMNShape>
      <bpmndi:BPMNEdge bpmnElement="_2" id="BPMNEdge__2" sourceElement="_3" targetElement="_4">
        <di:waypoint x="395.0" y="195.0"/>
        <di:waypoint x="395.0" y="245.0"/>
        <bpmndi:BPMNLabel>
          <dc:Bounds height="0.0" width="0.0" x="0.0" y="0.0"/>
        </bpmndi:BPMNLabel>
      </bpmndi:BPMNEdge>
      <bpmndi:BPMNEdge bpmnElement="_7" id="BPMNEdge__7" sourceElement="myStartEvent" targetElement="_3">
        <di:waypoint x="386.0" y="82.0"/>
        <di:waypoint x="386.0" y="140.0"/>
        <bpmndi:BPMNLabel>
          <dc:Bounds height="0.0" width="0.0" x="0.0" y="0.0"/>
        </bpmndi:BPMNLabel>
      </bpmndi:BPMNEdge>
      <bpmndi:BPMNEdge bpmnElement="_8" id="BPMNEdge__8" sourceElement="_4" targetElement="_5">
        <di:waypoint x="397.5" y="300.0"/>
        <di:waypoint x="397.5" y="345.0"/>
        <bpmndi:BPMNLabel>
          <dc:Bounds height="0.0" width="0.0" x="0.0" y="0.0"/>
        </bpmndi:BPMNLabel>
      </bpmndi:BPMNEdge>
      <bpmndi:BPMNEdge bpmnElement="_9" id="BPMNEdge__9" sourceElement="_5" targetElement="_6">
        <di:waypoint x="400.0" y="400.0"/>
        <di:waypoint x="400.0" y="440.0"/>
        <bpmndi:BPMNLabel>
          <dc:Bounds height="0.0" width="0.0" x="0.0" y="0.0"/>
        </bpmndi:BPMNLabel>
      </bpmndi:BPMNEdge>
      <bpmndi:BPMNEdge bpmnElement="_11" id="BPMNEdge__11" sourceElement="_6" targetElement="_10">
        <di:waypoint x="396.0" y="495.0"/>
        <di:waypoint x="396.0" y="530.0"/>
        <bpmndi:BPMNLabel>
          <dc:Bounds height="0.0" width="0.0" x="0.0" y="0.0"/>
        </bpmndi:BPMNLabel>
      </bpmndi:BPMNEdge>
    </bpmndi:BPMNPlane>
  </bpmndi:BPMNDiagram>
</definitions>
